100.000000;0.000250;130.864258;1.274322
100.000000;0.000312;130.874729;1.275577
100.000000;0.000400;130.874836;1.275360
100.000000;0.000500;130.876667;1.277500
100.000000;0.000625;130.859657;1.277048
100.000000;0.000800;130.877747;1.280947
100.000000;0.001000;130.866718;1.278034
100.000000;0.001250;130.874409;1.278552
100.000000;0.001563;130.875248;1.280623
100.000000;0.002000;130.878494;1.279037
100.000000;0.002500;130.888245;1.278149
100.000000;0.003125;130.867741;1.278774
100.000000;0.004000;130.877335;1.278967
100.000000;0.005000;130.868683;1.280574
100.000000;0.006250;130.888660;1.280029
100.000000;0.008000;130.879986;1.277661
100.000000;0.010000;130.879951;1.284205
100.000000;0.012500;130.881226;1.276627
100.000000;0.016667;130.885830;1.276292
100.000000;0.020000;130.894176;1.278985
100.000000;0.025000;130.887951;1.279593
100.000000;0.033333;130.880310;1.278216
100.000000;0.040000;130.895943;1.276438
100.000000;0.050000;130.888718;1.281912
100.000000;0.066667;130.892246;1.280751
100.000000;0.076923;130.897045;1.281511
100.000000;0.100000;130.895126;1.280030
100.000000;0.125000;130.907436;1.285400
100.000000;0.166667;130.907070;1.278809
100.000000;0.200000;130.918064;1.287305
100.000000;0.250000;130.914829;1.282954
100.000000;0.333333;130.918060;1.292089
100.000000;0.400000;130.921379;1.286127
100.000000;0.500000;130.929726;1.290047
100.000000;0.625000;130.938881;1.291069
100.000000;0.769231;130.955235;1.452662
100.000000;1.000000;130.953880;1.285707
100.000000;1.300000;130.984791;1.287807
100.000000;1.600000;131.003460;1.293521
100.000000;2.000000;131.030827;1.298182
100.000000;2.500000;131.078518;1.308344
100.000000;3.000000;131.114365;1.308049
100.000000;4.000000;131.155819;1.320809
100.000000;5.000000;131.218086;1.324294
100.000000;6.000000;131.281406;1.329317
100.000000;8.000000;131.396423;1.347772
100.000000;10.000000;131.536095;1.367335
100.000000;13.000000;131.704571;1.392854
100.000000;15.000000;131.914013;1.427965
125.000000;0.000250;130.467865;1.382412
125.000000;0.000312;130.476933;1.380609
125.000000;0.000400;130.476170;1.378736
125.000000;0.000500;130.486099;1.381938
125.000000;0.000625;130.491920;1.381967
125.000000;0.000800;130.496700;1.382457
125.000000;0.001000;130.496120;1.381187
125.000000;0.001250;130.484386;1.382969
125.000000;0.001563;130.475540;1.384081
125.000000;0.002000;130.486370;1.379788
125.000000;0.002500;130.490574;1.382887
125.000000;0.003125;130.497704;1.383120
125.000000;0.004000;130.481583;1.383375
125.000000;0.005000;130.474613;1.379721
125.000000;0.006250;130.502636;1.382068
125.000000;0.008000;130.487099;1.382699
125.000000;0.010000;130.496128;1.381930
125.000000;0.012500;130.479820;1.379537
125.000000;0.016667;130.514931;1.379237
125.000000;0.020000;130.482067;1.386463
125.000000;0.025000;130.498783;1.381136
125.000000;0.033333;130.510414;1.382136
125.000000;0.040000;130.503685;1.385068
125.000000;0.050000;130.504143;1.385760
125.000000;0.066667;130.501629;1.385257
125.000000;0.076923;130.504940;1.386124
125.000000;0.100000;130.513084;1.388992
125.000000;0.125000;130.524319;1.387878
125.000000;0.166667;130.531052;1.387847
125.000000;0.200000;130.544849;1.391063
125.000000;0.250000;130.548985;1.391923
125.000000;0.333333;130.550251;1.388216
125.000000;0.400000;130.559555;1.394156
125.000000;0.500000;130.576954;1.398881
125.000000;0.625000;130.597595;1.398175
125.000000;0.769231;130.622242;1.403854
125.000000;1.000000;130.652176;1.407299
125.000000;1.300000;130.706093;1.417386
125.000000;1.600000;130.754814;1.419961
125.000000;2.000000;130.810440;1.431010
125.000000;2.500000;130.891125;1.442092
125.000000;3.000000;131.001713;1.458636
125.000000;4.000000;131.129036;1.476714
125.000000;5.000000;131.299671;1.505430
125.000000;6.000000;131.485588;1.534214
125.000000;8.000000;131.760792;1.569113
125.000000;10.000000;132.100746;1.616056
125.000000;13.000000;132.525948;1.673645
125.000000;15.000000;133.096561;1.745897
160.000000;0.000250;129.634365;1.657494
160.000000;0.000312;129.622005;1.655398
160.000000;0.000400;129.625774;1.659193
160.000000;0.000500;129.635090;1.659119
160.000000;0.000625;129.615513;1.655984
160.000000;0.000800;129.637711;1.660651
160.000000;0.001000;129.636536;1.655042
160.000000;0.001250;129.629311;1.659625
160.000000;0.001563;129.617661;1.655456
160.000000;0.002000;129.632435;1.657335
160.000000;0.002500;129.628471;1.662721
160.000000;0.003125;129.630753;1.655273
160.000000;0.004000;129.625675;1.656992
160.000000;0.005000;129.626183;1.659095
160.000000;0.006250;129.636871;1.656367
160.000000;0.008000;129.632896;1.658128
160.000000;0.010000;129.630444;1.665947
160.000000;0.012500;129.636536;1.665300
160.000000;0.016667;129.649963;1.656712
160.000000;0.020000;129.638294;1.660759
160.000000;0.025000;129.639050;1.659310
160.000000;0.033333;129.637321;1.657238
160.000000;0.040000;129.635715;1.662131
160.000000;0.050000;129.650490;1.662007
160.000000;0.066667;129.643158;1.658926
160.000000;0.076923;129.657452;1.661981
160.000000;0.100000;129.678699;1.669581
160.000000;0.125000;129.672913;1.667839
160.000000;0.166667;129.681286;1.665300
160.000000;0.200000;129.710407;1.671832
160.000000;0.250000;129.714184;1.671683
160.000000;0.333333;129.718582;1.672659
160.000000;0.400000;129.747517;1.678150
160.000000;0.500000;129.773769;1.684607
160.000000;0.625000;129.782047;1.686617
160.000000;0.769231;129.837864;1.695001
160.000000;1.000000;129.885212;1.700270
160.000000;1.300000;129.960186;1.708782
160.000000;1.600000;130.032478;1.721580
160.000000;2.000000;130.124531;1.745107
160.000000;2.500000;130.251274;1.760918
160.000000;3.000000;130.416203;1.797709
160.000000;4.000000;130.627064;1.802589
160.000000;5.000000;130.861629;1.858677
160.000000;6.000000;131.201366;1.899171
160.000000;8.000000;131.611885;1.950444
160.000000;10.000000;132.122810;2.035926
160.000000;13.000000;132.762566;2.121912
160.000000;15.000000;133.627251;2.223411
200.000000;0.000250;128.985340;1.969808
200.000000;0.000312;128.990295;1.966868
200.000000;0.000400;128.986050;1.968080
200.000000;0.000500;128.983620;1.970408
200.000000;0.000625;128.981552;1.972659
200.000000;0.000800;128.981606;1.972125
200.000000;0.001000;128.991272;1.972582
200.000000;0.001250;129.001640;1.968672
200.000000;0.001563;128.994354;1.966667
200.000000;0.002000;128.988907;1.966407
200.000000;0.002500;128.993626;1.964284
200.000000;0.003125;128.984032;1.972058
200.000000;0.004000;128.988914;1.964998
200.000000;0.005000;128.995743;1.970822
200.000000;0.006250;128.993465;1.970917
200.000000;0.008000;129.002628;1.968493
200.000000;0.010000;129.004848;1.966776
200.000000;0.012500;128.993450;1.975037
200.000000;0.016667;128.993313;1.970475
200.000000;0.020000;128.983421;1.975962
200.000000;0.025000;128.995903;1.970310
200.000000;0.033333;129.015430;1.969367
200.000000;0.040000;129.015072;1.974068
200.000000;0.050000;128.995548;1.972011
200.000000;0.066667;128.998928;1.965796
200.000000;0.076923;129.007118;1.970359
200.000000;0.100000;129.009407;1.968702
200.000000;0.125000;129.018372;1.977975
200.000000;0.166667;129.029243;1.971367
200.000000;0.200000;129.033775;1.976210
200.000000;0.250000;129.008339;1.975628
200.000000;0.333333;129.027191;1.979024
200.000000;0.400000;129.040028;1.977753
200.000000;0.500000;129.042995;1.978066
200.000000;0.625000;129.055893;1.975087
200.000000;0.769231;129.080322;1.988180
200.000000;1.000000;129.097523;1.986884
200.000000;1.300000;129.110626;1.991355
200.000000;1.600000;129.146301;1.995215
200.000000;2.000000;129.170616;1.995551
200.000000;2.500000;129.223385;2.003360
200.000000;3.000000;129.288929;2.012312
200.000000;4.000000;129.353622;2.029789
200.000000;5.000000;129.441757;2.048823
200.000000;6.000000;129.550999;2.066832
200.000000;8.000000;129.713039;2.091563
200.000000;10.000000;129.930325;2.121479
200.000000;13.000000;130.203007;2.153996
200.000000;15.000000;130.544727;2.224142
250.000000;0.000250;128.830341;2.418595
250.000000;0.000312;128.831673;2.418954
250.000000;0.000400;128.813038;2.416340
250.000000;0.000500;128.834064;2.419040
250.000000;0.000625;128.834942;2.412358
250.000000;0.000800;128.829823;2.421447
250.000000;0.001000;128.820423;2.414039
250.000000;0.001250;128.830021;2.410872
250.000000;0.001563;128.828659;2.411993
250.000000;0.002000;128.833961;2.416100
250.000000;0.002500;128.839439;2.408945
250.000000;0.003125;128.821671;2.423893
250.000000;0.004000;128.831287;2.416574
250.000000;0.005000;128.850792;2.419314
250.000000;0.006250;128.834438;2.424646
250.000000;0.008000;128.849037;2.413352
250.000000;0.010000;128.855869;2.417685
250.000000;0.012500;128.849941;2.426248
250.000000;0.016667;128.835705;2.424871
250.000000;0.020000;128.843624;2.421450
250.000000;0.025000;128.857792;2.418429
250.000000;0.033333;128.848759;2.425627
250.000000;0.040000;128.874870;2.413854
250.000000;0.050000;128.860123;2.424847
250.000000;0.066667;128.868870;2.431494
250.000000;0.076923;128.889133;2.422235
250.000000;0.100000;128.894077;2.434812
250.000000;0.125000;128.910656;2.435505
250.000000;0.166667;128.927856;2.444976
250.000000;0.200000;128.943871;2.437535
250.000000;0.250000;128.964409;2.442614
250.000000;0.333333;128.995720;2.460932
250.000000;0.400000;129.051895;2.456377
250.000000;0.500000;129.086189;2.469169
250.000000;0.625000;129.158585;2.513883
250.000000;0.769231;129.211758;2.478505
250.000000;1.000000;129.318199;2.506342
250.000000;1.300000;129.457897;2.526740
250.000000;1.600000;129.606644;2.556342
250.000000;2.000000;129.803829;2.577441
250.000000;2.500000;130.026653;2.618588
250.000000;3.000000;130.318844;2.672684
250.000000;4.000000;130.732315;2.740627
250.000000;5.000000;131.212746;2.815677
250.000000;6.000000;131.811008;2.905985
250.000000;8.000000;132.580654;3.019089
250.000000;10.000000;133.552898;3.181723
250.000000;13.000000;134.774406;3.317224
250.000000;15.000000;136.341125;3.562571
320.000000;0.000250;128.699589;2.933357
320.000000;0.000312;128.716854;2.922610
320.000000;0.000400;128.719807;2.931906
320.000000;0.000500;128.698471;2.930163
320.000000;0.000625;128.692650;2.919565
320.000000;0.000800;128.713165;2.927008
320.000000;0.001000;128.700829;2.930258
320.000000;0.001250;128.692429;2.926859
320.000000;0.001563;128.702625;2.913688
320.000000;0.002000;128.736385;2.925553
320.000000;0.002500;128.683563;2.930526
320.000000;0.003125;128.718601;2.934249
320.000000;0.004000;128.712044;2.926118
320.000000;0.005000;128.713482;2.929960
320.000000;0.006250;128.701321;2.926799
320.000000;0.008000;128.721794;2.934348
320.000000;0.010000;128.715881;2.924037
320.000000;0.012500;128.727417;2.933612
320.000000;0.016667;128.735088;2.938629
320.000000;0.020000;128.725044;2.941962
320.000000;0.025000;128.744286;2.929056
320.000000;0.033333;128.754383;2.931040
320.000000;0.040000;128.754005;2.928543
320.000000;0.050000;128.754574;2.937974
320.000000;0.066667;128.752346;2.940552
320.000000;0.076923;128.766247;2.939800
320.000000;0.100000;128.804081;2.938214
320.000000;0.125000;128.813931;2.944135
320.000000;0.166667;128.861912;2.951729
320.000000;0.200000;128.897377;2.960729
320.000000;0.250000;128.905491;2.970250
320.000000;0.333333;128.963589;2.970056
320.000000;0.400000;129.009857;2.985504
320.000000;0.500000;129.104237;3.012106
320.000000;0.625000;129.196232;3.010483
320.000000;0.769231;129.296844;3.038179
320.000000;1.000000;129.445232;3.069515
320.000000;1.300000;129.613018;3.093530
320.000000;1.600000;129.827324;3.143533
320.000000;2.000000;130.105110;3.189513
320.000000;2.500000;130.473972;3.244056
320.000000;3.000000;130.912754;3.320154
320.000000;4.000000;131.483112;3.400299
320.000000;5.000000;132.178032;3.519322
320.000000;6.000000;133.037159;3.664559
320.000000;8.000000;134.162563;3.816926
320.000000;10.000000;135.541481;4.033842
320.000000;13.000000;137.282585;4.252912
320.000000;15.000000;139.509037;4.605065
400.000000;0.000250;128.635803;3.553498
400.000000;0.000312;128.616699;3.561018
400.000000;0.000400;128.653458;3.547607
400.000000;0.000500;128.640194;3.541697
400.000000;0.000625;128.670090;3.549705
400.000000;0.000800;128.637081;3.554026
400.000000;0.001000;128.651722;3.564147
400.000000;0.001250;128.660404;3.559393
400.000000;0.001563;128.664970;3.551864
400.000000;0.002000;128.658581;3.560571
400.000000;0.002500;128.673019;3.552083
400.000000;0.003125;128.681610;3.564638
400.000000;0.004000;128.674416;3.551046
400.000000;0.005000;128.680809;3.555732
400.000000;0.006250;128.646702;3.550928
400.000000;0.008000;128.643642;3.550904
400.000000;0.010000;128.634602;3.542783
400.000000;0.012500;128.657276;3.548986
400.000000;0.016667;128.667450;3.549920
400.000000;0.020000;128.648521;3.555746
400.000000;0.025000;128.682919;3.551318
400.000000;0.033333;128.675621;3.551415
400.000000;0.040000;128.673313;3.573299
400.000000;0.050000;128.701881;3.559596
400.000000;0.066667;128.704746;3.565759
400.000000;0.076923;128.743374;3.564972
400.000000;0.100000;128.722645;3.570373
400.000000;0.125000;128.765041;3.573747
400.000000;0.166667;128.802090;3.576867
400.000000;0.200000;128.828400;3.577027
400.000000;0.250000;128.889000;3.601953
400.000000;0.333333;128.916916;3.594579
400.000000;0.400000;128.978394;3.595972
400.000000;0.500000;129.036781;3.614687
400.000000;0.625000;129.128052;3.622178
400.000000;0.769231;129.265633;3.654414
400.000000;1.000000;129.373154;3.679584
400.000000;1.300000;129.556602;3.728950
400.000000;1.600000;129.767181;3.760891
400.000000;2.000000;130.039307;3.810257
400.000000;2.500000;130.400997;3.867640
400.000000;3.000000;130.823303;3.943894
400.000000;4.000000;131.365051;4.047615
400.000000;5.000000;132.074612;4.178884
400.000000;6.000000;132.933781;4.314763
400.000000;8.000000;134.078979;4.475273
400.000000;10.000000;135.464321;4.689564
400.000000;13.000000;137.259945;4.950242
400.000000;15.000000;139.533756;5.256038
500.000000;0.000250;128.732735;4.354462
500.000000;0.000312;128.716858;4.338940
500.000000;0.000400;128.727947;4.333654
500.000000;0.000500;128.749290;4.360875
500.000000;0.000625;128.754990;4.360285
500.000000;0.000800;128.736217;4.349412
500.000000;0.001000;128.756363;4.361340
500.000000;0.001250;128.773373;4.369245
500.000000;0.001563;128.761562;4.364434
500.000000;0.002000;128.743038;4.350918
500.000000;0.002500;128.745678;4.350579
500.000000;0.003125;128.759670;4.352163
500.000000;0.004000;128.742424;4.343655
500.000000;0.005000;128.763443;4.363513
500.000000;0.006250;128.795845;4.353211
500.000000;0.008000;128.762295;4.349026
500.000000;0.010000;128.793148;4.356444
500.000000;0.012500;128.788612;4.345713
500.000000;0.016667;128.758709;4.349999
500.000000;0.020000;128.781765;4.359746
500.000000;0.025000;128.753498;4.344920
500.000000;0.033333;128.771843;4.358636
500.000000;0.040000;128.838791;4.361596
500.000000;0.050000;128.900539;4.356412
500.000000;0.066667;128.820923;4.370564
500.000000;0.076923;128.863716;4.379374
500.000000;0.100000;128.909988;4.366345
500.000000;0.125000;128.969456;4.397004
500.000000;0.166667;128.987324;4.415499
500.000000;0.200000;129.050430;4.426970
500.000000;0.250000;129.117584;4.430014
500.000000;0.333333;129.201283;4.432107
500.000000;0.400000;129.253799;4.463452
500.000000;0.500000;129.419064;4.495710
500.000000;0.625000;129.609234;4.492321
500.000000;0.769231;129.814369;4.553255
500.000000;1.000000;130.022366;4.622213
500.000000;1.300000;130.344452;4.648711
500.000000;1.600000;130.732513;4.736086
500.000000;2.000000;131.249096;4.846400
500.000000;2.500000;131.837975;4.934335
500.000000;3.000000;132.663879;5.078152
500.000000;4.000000;133.669025;5.269536
500.000000;5.000000;134.880810;5.456005
500.000000;6.000000;136.435101;5.673370
500.000000;8.000000;138.310528;5.969424
500.000000;10.000000;140.776691;6.314093
500.000000;13.000000;143.877800;6.844094
500.000000;15.000000;147.763954;7.331756
640.000000;0.000250;128.855782;5.304449
640.000000;0.000312;128.838737;5.316176
640.000000;0.000400;128.857639;5.309504
640.000000;0.000500;128.855206;5.326983
640.000000;0.000625;128.872116;5.313211
640.000000;0.000800;128.888882;5.319254
640.000000;0.001000;128.883579;5.317920
640.000000;0.001250;128.873024;5.333632
640.000000;0.001563;128.895363;5.319993
640.000000;0.002000;128.899105;5.318611
640.000000;0.002500;128.837425;5.303647
640.000000;0.003125;128.865154;5.310621
640.000000;0.004000;128.870838;5.324510
640.000000;0.005000;128.926445;5.354318
640.000000;0.006250;128.857449;5.336256
640.000000;0.008000;128.884365;5.324346
640.000000;0.010000;128.908310;5.319981
640.000000;0.012500;128.922668;5.329696
640.000000;0.016667;128.914799;5.328927
640.000000;0.020000;128.898842;5.315928
640.000000;0.025000;128.925873;5.331429
640.000000;0.033333;128.936020;5.334872
640.000000;0.040000;128.948978;5.329808
640.000000;0.050000;128.985359;5.330753
640.000000;0.066667;129.022343;5.358966
640.000000;0.076923;129.051460;5.344295
640.000000;0.100000;129.046440;5.360915
640.000000;0.125000;129.150738;5.381517
640.000000;0.166667;129.194580;5.381130
640.000000;0.200000;129.271622;5.402861
640.000000;0.250000;129.360565;5.421545
640.000000;0.333333;129.459194;5.443147
640.000000;0.400000;129.642319;5.462646
640.000000;0.500000;129.811584;5.521280
640.000000;0.625000;130.034462;5.595021
640.000000;0.769231;130.340000;5.645762
640.000000;1.000000;130.670208;5.653253
640.000000;1.300000;131.116753;5.748511
640.000000;1.600000;131.637650;5.845810
640.000000;2.000000;132.388470;6.001430
640.000000;2.500000;133.224033;6.159019
640.000000;3.000000;134.343971;6.353423
640.000000;4.000000;135.723679;6.594878
640.000000;5.000000;137.393616;6.849330
640.000000;6.000000;139.584759;7.222064
640.000000;8.000000;142.285477;7.614015
640.000000;10.000000;145.660019;8.201614
640.000000;13.000000;149.920387;8.658204
640.000000;15.000000;155.351009;9.308546
800.000000;0.000250;128.672363;7.324920
800.000000;0.000312;128.630039;7.347369
800.000000;0.000400;128.663403;7.369667
800.000000;0.000500;128.675613;7.330532
800.000000;0.000625;128.673595;7.348945
800.000000;0.000800;128.665409;7.310848
800.000000;0.001000;128.676910;7.342237
800.000000;0.001250;128.669815;7.319560
800.000000;0.001563;128.676346;7.352190
800.000000;0.002000;128.693325;7.337573
800.000000;0.002500;128.706928;7.293641
800.000000;0.003125;128.730026;7.330649
800.000000;0.004000;128.717545;7.349398
800.000000;0.005000;128.733829;7.323654
800.000000;0.006250;128.710373;7.345555
800.000000;0.008000;128.697437;7.338860
800.000000;0.010000;128.734554;7.366170
800.000000;0.012500;128.721077;7.333610
800.000000;0.016667;128.749481;7.336956
800.000000;0.020000;128.706520;7.315241
800.000000;0.025000;128.725327;7.328147
800.000000;0.033333;128.755268;7.357133
800.000000;0.040000;128.784557;7.376816
800.000000;0.050000;128.792862;7.329572
800.000000;0.066667;128.776703;7.377628
800.000000;0.076923;128.793789;7.333559
800.000000;0.100000;128.843502;7.376609
800.000000;0.125000;128.869644;7.352346
800.000000;0.166667;128.872681;7.383099
800.000000;0.200000;128.940987;7.382547
800.000000;0.250000;128.921566;7.381273
800.000000;0.333333;128.954071;7.866023
800.000000;0.400000;129.048756;7.390834
800.000000;0.500000;129.077496;7.384165
800.000000;0.625000;129.149597;7.397253
800.000000;0.769231;129.300537;7.404938
800.000000;1.000000;129.381573;7.449686
800.000000;1.300000;129.545582;7.489505
800.000000;1.600000;129.606392;7.555045
800.000000;2.000000;129.844524;7.566594
800.000000;2.500000;130.101738;7.644748
800.000000;3.000000;130.437729;7.636423
800.000000;4.000000;130.819473;7.748053
800.000000;5.000000;131.352398;7.869820
800.000000;6.000000;132.014519;7.974703
800.000000;8.000000;132.882835;8.156557
800.000000;10.000000;133.975468;8.410365
800.000000;13.000000;135.468212;8.705676
800.000000;15.000000;137.260685;9.047251
1000.000000;0.000250;129.052299;8.027101
1000.000000;0.000312;129.090389;8.018159
1000.000000;0.000400;129.082172;7.985154
1000.000000;0.000500;129.067963;8.008059
1000.000000;0.000625;129.118057;7.980946
1000.000000;0.000800;129.099937;8.031087
1000.000000;0.001000;129.098179;8.022626
1000.000000;0.001250;129.116398;8.001338
1000.000000;0.001563;129.099022;7.968471
1000.000000;0.002000;129.112759;8.030805
1000.000000;0.002500;129.165779;7.989178
1000.000000;0.003125;129.120342;8.010119
1000.000000;0.004000;129.137516;8.023921
1000.000000;0.005000;129.142826;8.014596
1000.000000;0.006250;129.119236;7.992422
1000.000000;0.008000;129.171635;8.028862
1000.000000;0.010000;129.142052;7.986525
1000.000000;0.012500;129.159039;7.997662
1000.000000;0.016667;129.163055;8.014512
1000.000000;0.020000;129.147034;7.995863
1000.000000;0.025000;129.173603;8.005350
1000.000000;0.033333;129.229904;8.024965
1000.000000;0.040000;129.250900;8.030574
1000.000000;0.050000;129.209564;8.042439
1000.000000;0.066667;129.283684;8.038668
1000.000000;0.076923;129.284122;8.036732
1000.000000;0.100000;129.300266;8.048884
1000.000000;0.125000;129.376907;8.048970
1000.000000;0.166667;129.395149;8.086862
1000.000000;0.200000;129.496243;8.089549
1000.000000;0.250000;129.587349;8.115960
1000.000000;0.333333;129.640545;8.092755
1000.000000;0.400000;129.792988;8.126518
1000.000000;0.500000;129.934353;8.170487
1000.000000;0.625000;130.134449;8.230865
1000.000000;0.769231;130.372425;8.267889
1000.000000;1.000000;130.630127;8.307143
1000.000000;1.300000;130.982723;8.437694
1000.000000;1.600000;131.514900;8.478610
1000.000000;2.000000;132.105663;8.622489
1000.000000;2.500000;132.761639;8.777635
1000.000000;3.000000;133.716492;8.943360
1000.000000;4.000000;134.863350;9.168726
1000.000000;5.000000;136.252880;9.434800
1000.000000;6.000000;138.115688;9.844108
1000.000000;8.000000;140.389408;10.202453
1000.000000;10.000000;143.437332;10.740827
1000.000000;13.000000;147.122082;11.354573
1000.000000;15.000000;152.127296;12.111585
1250.000000;0.000250;129.629097;9.992290
1250.000000;0.000312;129.630474;10.025364
1250.000000;0.000400;129.660221;9.952470
1250.000000;0.000500;129.606174;10.010313
1250.000000;0.000625;129.644554;10.020441
1250.000000;0.000800;129.647552;10.013504
1250.000000;0.001000;129.627640;10.013211
1250.000000;0.001250;129.634979;10.009120
1250.000000;0.001563;129.727612;9.991825
1250.000000;0.002000;129.665203;10.008753
1250.000000;0.002500;129.637836;9.978866
1250.000000;0.003125;129.661331;10.056280
1250.000000;0.004000;129.622871;9.980735
1250.000000;0.005000;129.658535;10.019887
1250.000000;0.006250;129.635906;10.008326
1250.000000;0.008000;129.689789;9.973550
1250.000000;0.010000;129.732307;10.017651
1250.000000;0.012500;129.695644;10.012178
1250.000000;0.016667;129.772747;10.001432
1250.000000;0.020000;129.683510;9.976751
1250.000000;0.025000;129.746933;10.026662
1250.000000;0.033333;129.759193;10.032623
1250.000000;0.040000;129.793137;10.037828
1250.000000;0.050000;129.869465;10.026850
1250.000000;0.066667;129.917545;10.054869
1250.000000;0.076923;129.851936;10.087011
1250.000000;0.100000;129.965084;10.066502
1250.000000;0.125000;130.039116;10.073305
1250.000000;0.166667;130.131744;10.094666
1250.000000;0.200000;130.286774;10.142981
1250.000000;0.250000;130.368134;10.118194
1250.000000;0.333333;130.465557;10.176619
1250.000000;0.400000;130.689556;10.232717
1250.000000;0.500000;131.006588;10.281076
1250.000000;0.625000;131.201874;10.329904
1250.000000;0.769231;131.540180;10.466814
1250.000000;1.000000;132.012283;10.553050
1250.000000;1.300000;132.578480;10.642017
1250.000000;1.600000;133.355339;10.771612
1250.000000;2.000000;134.310276;10.971860
1250.000000;2.500000;135.383064;11.232735
1250.000000;3.000000;136.796886;11.522417
1250.000000;4.000000;138.564312;11.854778
1250.000000;5.000000;140.886246;12.300086
1250.000000;6.000000;143.732685;12.821337
1250.000000;8.000000;147.487350;13.474665
1250.000000;10.000000;152.072529;14.308250
1250.000000;13.000000;158.171070;15.380619
1250.000000;15.000000;166.040245;16.236569
1600.000000;0.000250;129.534092;12.175680
1600.000000;0.000312;129.537842;12.123670
1600.000000;0.000400;129.612648;12.142198
1600.000000;0.000500;129.528591;12.206318
1600.000000;0.000625;129.564064;12.171629
1600.000000;0.000800;129.607666;12.159171
1600.000000;0.001000;129.607491;12.217065
1600.000000;0.001250;129.623283;12.179308
1600.000000;0.001563;129.567738;12.188432
1600.000000;0.002000;129.627941;12.211694
1600.000000;0.002500;129.612774;12.205733
1600.000000;0.003125;129.634445;12.184936
1600.000000;0.004000;129.630428;12.214198
1600.000000;0.005000;129.628120;12.236172
1600.000000;0.006250;129.599762;12.183059
1600.000000;0.008000;129.692616;12.227534
1600.000000;0.010000;129.697613;12.198163
1600.000000;0.012500;129.654652;12.205476
1600.000000;0.016667;129.662331;12.195733
1600.000000;0.020000;129.682125;12.220162
1600.000000;0.025000;129.693882;12.229177
1600.000000;0.033333;129.714912;12.244670
1600.000000;0.040000;129.684078;12.188307
1600.000000;0.050000;129.766186;12.247887
1600.000000;0.066667;129.747417;12.223862
1600.000000;0.076923;129.863613;12.261198
1600.000000;0.100000;129.841259;12.259272
1600.000000;0.125000;129.817616;12.227205
1600.000000;0.166667;129.958317;12.235353
1600.000000;0.200000;130.059692;12.294572
1600.000000;0.250000;130.042595;12.294647
1600.000000;0.333333;130.244476;12.314828
1600.000000;0.400000;130.218796;12.272596
1600.000000;0.500000;130.331024;12.391344
1600.000000;0.625000;130.399937;12.384345
1600.000000;0.769231;130.677349;12.376792
1600.000000;1.000000;130.912022;12.454312
1600.000000;1.300000;131.160038;12.523564
1600.000000;1.600000;131.542458;12.599731
1600.000000;2.000000;132.014328;12.741214
1600.000000;2.500000;132.638485;12.870487
1600.000000;3.000000;133.308796;13.002042
1600.000000;4.000000;134.225449;13.193989
1600.000000;5.000000;135.365688;13.394521
1600.000000;6.000000;136.946102;13.769980
1600.000000;8.000000;138.827766;14.150402
1600.000000;10.000000;141.384830;14.756821
1600.000000;13.000000;144.689480;15.292764
1600.000000;15.000000;148.895393;16.164453
2000.000000;0.000250;130.076454;12.330106
2000.000000;0.000312;130.152653;12.326129
2000.000000;0.000400;130.081604;12.330653
2000.000000;0.000500;130.098091;12.383626
2000.000000;0.000625;130.090675;12.322052
2000.000000;0.000800;130.153877;12.373767
2000.000000;0.001000;130.149544;12.403295
2000.000000;0.001250;130.149773;12.318466
2000.000000;0.001563;130.139538;12.365450
2000.000000;0.002000;130.150043;12.314298
2000.000000;0.002500;130.216988;12.367408
2000.000000;0.003125;130.187214;12.344186
2000.000000;0.004000;130.120724;12.339013
2000.000000;0.005000;130.176708;12.336226
2000.000000;0.006250;130.037590;12.361772
2000.000000;0.008000;130.169617;12.335163
2000.000000;0.010000;130.205528;12.350589
2000.000000;0.012500;130.184807;12.372187
2000.000000;0.016667;130.225182;12.354210
2000.000000;0.020000;130.211617;12.359798
2000.000000;0.025000;130.353027;12.338087
2000.000000;0.033333;130.379219;12.420800
2000.000000;0.040000;130.315697;12.384285
2000.000000;0.050000;130.344967;12.407464
2000.000000;0.066667;130.386208;12.391490
2000.000000;0.076923;130.466431;12.429990
2000.000000;0.100000;130.569118;12.438104
2000.000000;0.125000;130.682728;12.494887
2000.000000;0.166667;130.809334;12.531884
2000.000000;0.200000;131.042553;12.529388
2000.000000;0.250000;131.108234;12.562942
2000.000000;0.333333;131.266644;12.622440
2000.000000;0.400000;131.636971;12.709189
2000.000000;0.500000;132.021549;12.747288
2000.000000;0.625000;132.424995;12.858657
2000.000000;0.769231;133.029373;13.002334
2000.000000;1.000000;133.751659;13.210174
2000.000000;1.300000;134.581730;13.370732
2000.000000;1.600000;135.798061;13.590086
2000.000000;2.000000;137.171921;13.842361
2000.000000;2.500000;138.883015;14.235741
2000.000000;3.000000;140.965931;14.603391
2000.000000;4.000000;143.741001;15.209091
2000.000000;5.000000;147.193134;15.860101
2000.000000;6.000000;151.642361;16.628126
2000.000000;8.000000;157.164482;17.614086
2000.000000;10.000000;164.259434;18.763284
2000.000000;13.000000;173.331543;20.176602
2000.000000;15.000000;184.510910;21.788806
2500.000000;0.000250;130.140110;12.369360
2500.000000;0.000312;130.165878;12.342844
2500.000000;0.000400;130.200420;12.308515
2500.000000;0.000500;130.159763;12.397049
2500.000000;0.000625;130.247578;12.361417
2500.000000;0.000800;130.243858;12.359352
2500.000000;0.001000;130.170574;12.351906
2500.000000;0.001250;130.216541;12.372537
2500.000000;0.001563;130.192211;12.420426
2500.000000;0.002000;130.200558;12.370241
2500.000000;0.002500;130.180317;12.395455
2500.000000;0.003125;130.252003;12.377751
2500.000000;0.004000;130.252663;12.339108
2500.000000;0.005000;130.220802;12.350242
2500.000000;0.006250;130.234093;12.372357
2500.000000;0.008000;130.208755;12.414472
2500.000000;0.010000;130.230164;12.388106
2500.000000;0.012500;130.281296;12.443566
2500.000000;0.016667;130.222214;12.356550
2500.000000;0.020000;130.249931;12.443446
2500.000000;0.025000;130.326527;12.444781
2500.000000;0.033333;130.312649;12.402174
2500.000000;0.040000;130.338707;12.449793
2500.000000;0.050000;130.490936;12.443129
2500.000000;0.066667;130.515503;12.476954
2500.000000;0.076923;130.587612;12.485780
2500.000000;0.100000;130.711224;12.494865
2500.000000;0.125000;130.770084;12.511517
2500.000000;0.166667;130.970711;12.564267
2500.000000;0.200000;131.174545;12.571933
2500.000000;0.250000;131.352791;12.601284
2500.000000;0.333333;131.609955;12.725771
2500.000000;0.400000;131.921978;12.741898
2500.000000;0.500000;132.415073;12.851652
2500.000000;0.625000;132.857628;12.977140
2500.000000;0.769231;133.603882;13.122134
2500.000000;1.000000;134.438259;13.345200
2500.000000;1.300000;135.500473;13.546931
2500.000000;1.600000;136.737995;13.823326
2500.000000;2.000000;138.364357;14.137988
2500.000000;2.500000;140.353241;14.542803
2500.000000;3.000000;142.856842;15.048619
2500.000000;4.000000;145.978268;15.623749
2500.000000;5.000000;150.033623;16.393619
2500.000000;6.000000;155.092030;17.213068
2500.000000;8.000000;161.431564;18.268810
2500.000000;10.000000;169.537548;19.434763
2500.000000;13.000000;179.758057;21.086053
2500.000000;15.000000;192.428516;23.074002
3200.000000;0.000250;129.794262;12.242963
3200.000000;0.000312;129.765625;12.273959
3200.000000;0.000400;129.790630;12.220616
3200.000000;0.000500;129.831123;12.215875
3200.000000;0.000625;129.846260;12.262107
3200.000000;0.000800;129.825291;12.267146
3200.000000;0.001000;129.806324;12.272695
3200.000000;0.001250;129.804714;12.250680
3200.000000;0.001563;129.817894;12.232379
3200.000000;0.002000;129.822861;12.256987
3200.000000;0.002500;129.858051;12.293065
3200.000000;0.003125;129.885056;12.246996
3200.000000;0.004000;129.821560;12.225244
3200.000000;0.005000;129.879211;12.265764
3200.000000;0.006250;129.849857;12.317746
3200.000000;0.008000;129.857124;12.268118
3200.000000;0.010000;129.856888;12.183137
3200.000000;0.012500;129.825027;12.236919
3200.000000;0.016667;129.906612;12.278463
3200.000000;0.020000;129.923038;12.247524
3200.000000;0.025000;129.933220;12.225771
3200.000000;0.033333;130.010994;12.264328
3200.000000;0.040000;129.929535;12.237014
3200.000000;0.050000;129.998245;12.229701
3200.000000;0.066667;129.987598;12.280941
3200.000000;0.076923;130.047134;12.288563
3200.000000;0.100000;130.084003;12.273565
3200.000000;0.125000;130.187992;12.289228
3200.000000;0.166667;130.251114;12.296798
3200.000000;0.200000;130.391621;12.361546
3200.000000;0.250000;130.291309;12.338290
3200.000000;0.333333;130.534779;12.433256
3200.000000;0.400000;130.630947;12.428472
3200.000000;0.500000;130.790936;12.450121
3200.000000;0.625000;131.010265;12.596063
3200.000000;0.769231;131.257801;12.578051
3200.000000;1.000000;131.635571;12.631527
3200.000000;1.300000;132.118767;12.757575
3200.000000;1.600000;132.597919;12.832316
3200.000000;2.000000;133.356602;13.044411
3200.000000;2.500000;134.109241;13.162173
3200.000000;3.000000;135.188580;13.396718
3200.000000;4.000000;136.420506;13.682723
3200.000000;5.000000;138.279221;13.966970
3200.000000;6.000000;140.425240;14.539317
3200.000000;8.000000;143.312084;15.051932
3200.000000;10.000000;146.759636;15.724219
3200.000000;13.000000;151.443054;16.542954
3200.000000;15.000000;157.704990;17.575056
4000.000000;0.000250;129.426590;12.155439
4000.000000;0.000312;129.346146;12.145479
4000.000000;0.000400;129.422729;12.189437
4000.000000;0.000500;129.464130;12.121824
4000.000000;0.000625;129.408825;12.160253
4000.000000;0.000800;129.457455;12.179718
4000.000000;0.001000;129.430561;12.161001
4000.000000;0.001250;129.401276;12.208557
4000.000000;0.001563;129.368267;12.156947
4000.000000;0.002000;129.410614;12.185205
4000.000000;0.002500;129.468220;12.200370
4000.000000;0.003125;129.473785;12.139332
4000.000000;0.004000;129.477432;12.197100
4000.000000;0.005000;129.509991;12.162571
4000.000000;0.006250;129.475662;12.110490
4000.000000;0.008000;129.527130;12.205511
4000.000000;0.010000;129.501011;12.154085
4000.000000;0.012500;129.523403;12.153878
4000.000000;0.016667;129.537483;12.181364
4000.000000;0.020000;129.503250;12.180006
4000.000000;0.025000;129.568577;12.218681
4000.000000;0.033333;129.494816;12.210752
4000.000000;0.040000;129.514912;12.220525
4000.000000;0.050000;129.609344;12.222237
4000.000000;0.066667;129.560711;12.225386
4000.000000;0.076923;129.626755;12.208523
4000.000000;0.100000;129.634476;12.222578
4000.000000;0.125000;129.658497;12.204531
4000.000000;0.166667;129.665497;12.225919
4000.000000;0.200000;129.785767;12.272005
4000.000000;0.250000;129.772385;12.198342
4000.000000;0.333333;129.749584;12.226049
4000.000000;0.400000;129.941010;12.303398
4000.000000;0.500000;130.146877;12.298234
4000.000000;0.625000;130.170536;12.306305
4000.000000;0.769231;130.243073;12.400614
4000.000000;1.000000;130.479939;12.358363
4000.000000;1.300000;130.743309;12.458377
4000.000000;1.600000;131.032879;12.508771
4000.000000;2.000000;131.418148;12.547929
4000.000000;2.500000;131.895950;12.721413
4000.000000;3.000000;132.514336;12.804223
4000.000000;4.000000;133.219910;12.944023
4000.000000;5.000000;134.031013;13.172706
4000.000000;6.000000;135.251942;13.461725
4000.000000;8.000000;136.720020;13.724015
4000.000000;10.000000;138.716137;14.292065
4000.000000;13.000000;141.385231;14.711119
4000.000000;15.000000;144.732899;15.303522
5000.000000;0.000250;129.746445;12.224634
5000.000000;0.000312;129.686165;12.215383
5000.000000;0.000400;129.748360;12.214471
5000.000000;0.000500;129.730556;12.183702
5000.000000;0.000625;129.745811;12.243439
5000.000000;0.000800;129.662876;12.208094
5000.000000;0.001000;129.794937;12.222706
5000.000000;0.001250;129.736431;12.246088
5000.000000;0.001563;129.705231;12.205722
5000.000000;0.002000;129.668865;12.182108
5000.000000;0.002500;129.765644;12.209565
5000.000000;0.003125;129.680389;12.239576
5000.000000;0.004000;129.777218;12.242217
5000.000000;0.005000;129.761501;12.177081
5000.000000;0.006250;129.823444;12.182685
5000.000000;0.008000;129.777710;12.216708
5000.000000;0.010000;129.730328;12.202193
5000.000000;0.012500;129.781555;12.210124
5000.000000;0.016667;129.803864;12.212282
5000.000000;0.020000;129.849392;12.252698
5000.000000;0.025000;129.804588;12.218757
5000.000000;0.033333;129.812981;12.197065
5000.000000;0.040000;129.807583;12.216716
5000.000000;0.050000;129.863159;12.240141
5000.000000;0.066667;129.867825;12.253159
5000.000000;0.076923;129.911640;12.248678
5000.000000;0.100000;129.941849;12.227114
5000.000000;0.125000;130.066219;12.254170
5000.000000;0.166667;130.019394;12.256424
5000.000000;0.200000;130.135597;12.292546
5000.000000;0.250000;130.142754;12.318882
5000.000000;0.333333;130.171352;12.396740
5000.000000;0.400000;130.399284;12.376757
5000.000000;0.500000;130.435707;12.362842
5000.000000;0.625000;130.673561;12.404052
5000.000000;0.769231;130.888783;12.433599
5000.000000;1.000000;131.063717;12.582055
5000.000000;1.300000;131.403713;12.630813
5000.000000;1.600000;131.856441;12.643374
5000.000000;2.000000;132.326500;12.810854
5000.000000;2.500000;132.994766;12.929082
5000.000000;3.000000;133.738487;13.109003
5000.000000;4.000000;134.696281;13.291930
5000.000000;5.000000;135.988781;13.589287
5000.000000;6.000000;137.691040;13.896157
5000.000000;8.000000;139.829376;14.363746
5000.000000;10.000000;142.610725;14.939976
5000.000000;13.000000;146.222202;15.605163
5000.000000;15.000000;150.917351;16.425787
6400.000000;0.000250;129.952667;12.254830
6400.000000;0.000312;129.953278;12.254124
6400.000000;0.000400;129.947453;12.321807
6400.000000;0.000500;129.914925;12.248712
6400.000000;0.000625;129.904530;12.308694
6400.000000;0.000800;129.973774;12.296531
6400.000000;0.001000;129.977089;12.289631
6400.000000;0.001250;130.008198;12.269589
6400.000000;0.001563;130.034660;12.277707
6400.000000;0.002000;129.974140;12.293183
6400.000000;0.002500;130.003754;12.294774
6400.000000;0.003125;130.021034;12.247648
6400.000000;0.004000;130.039246;12.315256
6400.000000;0.005000;130.014084;12.249544
6400.000000;0.006250;129.989151;12.321271
6400.000000;0.008000;130.004829;12.268150
6400.000000;0.010000;129.962730;12.292135
6400.000000;0.012500;130.024689;12.336746
6400.000000;0.016667;130.060658;12.308325
6400.000000;0.020000;130.082050;12.274284
6400.000000;0.025000;130.044838;12.283202
6400.000000;0.033333;130.026672;12.286453
6400.000000;0.040000;130.073666;12.289151
6400.000000;0.050000;130.143616;12.335568
6400.000000;0.066667;130.146393;12.337105
6400.000000;0.076923;130.207218;12.325301
6400.000000;0.100000;130.345539;12.313225
6400.000000;0.125000;130.308247;12.362895
6400.000000;0.166667;130.468925;12.402665
6400.000000;0.200000;130.555473;12.423769
6400.000000;0.250000;130.648350;12.489972
6400.000000;0.333333;130.861073;12.457144
6400.000000;0.400000;130.921913;12.553787
6400.000000;0.500000;131.170883;12.548925
6400.000000;0.625000;131.522846;12.613997
6400.000000;0.769231;131.906555;12.675695
6400.000000;1.000000;132.307739;12.794067
6400.000000;1.300000;132.898891;12.941608
6400.000000;1.600000;133.592304;13.199879
6400.000000;2.000000;134.487305;13.258373
6400.000000;2.500000;135.586536;13.521976
6400.000000;3.000000;137.057243;13.831343
6400.000000;4.000000;138.811085;14.189342
6400.000000;5.000000;141.068420;14.640216
6400.000000;6.000000;143.946716;15.194012
6400.000000;8.000000;147.647434;15.897332
6400.000000;10.000000;152.350143;16.705704
6400.000000;13.000000;158.279095;17.747703
6400.000000;15.000000;165.969723;19.247994
